{"cameraMode":{"drawMode":0,"name":"Shaded","section":"Shading Mode"},"sceneLighting":true,"audioPlay":false,"sceneViewState":{"m_AlwaysRefresh":false,"showFog":true,"showSkybox":false,"showFlares":true,"showImageEffects":true,"showParticleSystems":true,"showVisualEffectGraphs":true,"m_FxEnabled":true},"in2DMode":false,"pivot":{"x":-1.367647409439087,"y":7.137815952301025,"z":-5.176533222198486},"rotation":{"x":-0.007498505990952253,"y":0.019498107954859735,"z":0.00014623472816310823,"w":0.9997785091400147},"size":15.951401710510254,"orthographic":true}