{"cameraMode":{"drawMode":0,"name":"Shaded","section":"Shading Mode"},"sceneLighting":true,"audioPlay":false,"sceneViewState":{"m_AlwaysRefresh":false,"showFog":true,"showSkybox":false,"showFlares":true,"showImageEffects":true,"showParticleSystems":true,"showVisualEffectGraphs":true,"m_FxEnabled":true},"in2DMode":false,"pivot":{"x":-12.856978416442871,"y":4.576090335845947,"z":-80.63351440429688},"rotation":{"x":-0.05307286977767944,"y":0.0038956108037382366,"z":0.00020293047418817878,"w":0.9985578656196594},"size":67.61503601074219,"orthographic":true}